StartDate,EndDate,Status,IPAddress,Progress,Duration (in seconds),Finished,RecordedDate,ResponseId,RecipientLastName,RecipientFirstName,RecipientEmail,ExternalReference,LocationLatitude,LocationLongitude,DistributionChannel,UserLanguage,Q_RecaptchaScore,Q_RelevantIDDuplicate,Q_RelevantIDDuplicateScore,Q_RelevantIDFraudScore,Q_RelevantIDLastStartDate,ProlificID,consent,unhoused_timer_p1_First Click,unhoused_timer_p1_Last Click,unhoused_timer_p1_Page Submit,unhoused_timer_p1_Click Count,unhoused_timer_p2_First Click,unhoused_timer_p2_Last Click,unhoused_timer_p2_Page Submit,unhoused_timer_p2_Click Count,homeless_timer_p1_First Click,homeless_timer_p1_Last Click,homeless_timer_p1_Page Submit,homeless_timer_p1_Click Count,homeless_timer_p2_First Click,homeless_timer_p2_Last Click,homeless_timer_p2_Page Submit,homeless_timer_p2_Click Count,people_timer_p1_First Click,people_timer_p1_Last Click,people_timer_p1_Page Submit,people_timer_p1_Click Count,people_timer_p2_First Click,people_timer_p2_Last Click,people_timer_p2_Page Submit,people_timer_p2_Click Count,check_1,check_2,check_3,info_info_1,info_understandable_1,info_interesting_1,info_wellanddetail_1,info_concentrate_1,beha1_donation_1,attitude_1,attitude_2,attitude_3,attitude_4,attitude_5,attitude_6,attitude_7,beha2_tax_1,beha2_support,beha2_budget_1,beha2_petition_1,Q67,age,ethnicity,poli_social_1,poli_econ_1,education,employment,income,suggestions,PROLIFIC_PID,Condition,Group
Start Date,End Date,Response Type,IP Address,Progress,Duration (in seconds),Finished,Recorded Date,Response ID,Recipient Last Name,Recipient First Name,Recipient Email,External Data Reference,Location Latitude,Location Longitude,Distribution Channel,User Language,Q_RecaptchaScore,Q_RelevantIDDuplicate,Q_RelevantIDDuplicateScore,Q_RelevantIDFraudScore,Q_RelevantIDLastStartDate,What is your Prolific ID? Note that this response should auto-fill with the correct ID.,"University of Chicago Online Consent Form for Research Participation

 

Study Title: Online News Information Study 

Researcher(s): Boaz Keysar

 

Description: We are researchers at the University of Chicago doing a research study about information about homelessness. To qualify to participate, you must be fluent in English and are currently living in the United States. Participation should take about 5 minutes to complete. Your participation is voluntary.

 

Incentives: For completing this study, you will be paid $11.44 per hour for your time.

Risks and Benefits: Participation in this study does not pose any risks to you bond that of everyday life. Benefits of this study include learning more about news information in the United States.

Confidentiality: All data collected for this study will not be linked to personally identifiable information (names, emails, addresses, etc.) and will be stored on a password protected server. De-identified information from this study may be used for future research studies or shared with other researchers for future research without your additional informed consent. If you decide to withdraw from this study, data collected up until the point of withdrawal will be destroyed. 

 

Contacts & Questions:
If you have questions or concerns about the study, you can contact the researchers at Boaz Keysar (bkbk@uchicago.edu) If you have any questions about your rights as a participant in this research, feel you have been harmed, or wish to discuss other study-related concerns with someone who is not part of the research team, you can contact the University of Chicago Social & Behavioral Sciences Institutional Review Board (IRB) Office by phone at (773) 702-2915, or by email at sbs-irb@uchicago.edu.

 

 

Consent:

Participation is voluntary. Refusal to participate or withdrawing from the research will involve no penalty or loss of benefits to which you might otherwise be entitled.

By selecting “Agree” below, you confirm that you have read the consent form, are at least 18 years old, and agree to participate in the research. Please print or save a copy of this page for your records.",Timing - First Click,Timing - Last Click,Timing - Page Submit,Timing - Click Count,Timing - First Click,Timing - Last Click,Timing - Page Submit,Timing - Click Count,Timing - First Click,Timing - Last Click,Timing - Page Submit,Timing - Click Count,Timing - First Click,Timing - Last Click,Timing - Page Submit,Timing - Click Count,Timing - First Click,Timing - Last Click,Timing - Page Submit,Timing - Click Count,Timing - First Click,Timing - Last Click,Timing - Page Submit,Timing - Click Count,Who is Dan Valdez?,What is the main goal of Brilliant Corners?,What is a major issue in Los Angeles mentioned in the article?,How informative did you find this online article?,How understandable did you find this online article?,How interesting did you find this online article?,How well and in detail did you read the online article?,How difficult was it for you to concentrate and read the entire article from the beginning to the end?,"If you  win the $100, how much would you like to donate to support [Field-Condition]? - $",Now you will be asked to report your thoughts and feelings about [Field-Condition]. - It takes [Field-Condition] a long time to complete even simple tasks.,"Now you will be asked to report your thoughts and feelings about [Field-Condition]. - I would hesitate to share things with [Field-Condition], because they might have nothing to give in return.",Now you will be asked to report your thoughts and feelings about [Field-Condition]. - I do not find it easy to trust [Field-Condition].,Now you will be asked to report your thoughts and feelings about [Field-Condition]. - I worry that [Field-Condition] might engage in dishonest activities.,Now you will be asked to report your thoughts and feelings about [Field-Condition]. - I think [Field-Condition]  seem dangerous to me.,Now you will be asked to report your thoughts and feelings about [Field-Condition]. - I would feel comfortable embracing one of the [Field-Condition].,Now you will be asked to report your thoughts and feelings about [Field-Condition]. - I would have no difficulty sharing a meal with one of the [Field-Condition].,"Imagine the government is launching a “Housing-for-all” program, using tax funds to create housing for all the [Field-Condition]. 

Would you be willing to pay extra taxes that would be specifically dedicated to the “Housing-for-all” program? - Imagine the government is launching a “Housing-for-all” program, using tax funds to create housing for all the ${e://Field/Condition}. 

Would you be willing to pay extra taxes that would be specifically dedicated to the “Housing-for-all” program?",Would you support such a program?,"Governments can allocate budgetary resources to help [Field-Condition] through various initiatives and programs. These may include funding for shelters, affordable housing projects, mental health services, job training programs, and support services for [Field-Condition].



In your opinion, how much of a budget priority should support for [Field-Condition] be for the government? - Governments can allocate budgetary resources to help ${e://Field/Condition} through various initiatives and programs. These may include funding for shelters, affordable housing projects, mental health services, job training programs, and support services for ${e://Field/Condition}.



In your opinion, how much of a budget priority should support for ${e://Field/Condition} be for the government?","If there was a petition to support [Field-Condition], how willing would you be to sign it? - If there was a petition to support ${e://Field/Condition}, how willing would you be to sign it?",Thank you so much for your participation. Are you interested in learning more and supporting one of the programs that provide help and support to [Field-Condition]?,How old are you?,What is your ethnicity?,How would you describe your political outlook with regard to social issues?,How would you describe your political outlook with regard to economic issues?,What is your highest level of education?,What is your employment status?,Your annual household income is approximately…,"If you have any comments or suggestions, please let us know:",PROLIFIC_PID,Condition,Group
"{""ImportId"":""startDate"",""timeZone"":""America/Denver""}","{""ImportId"":""endDate"",""timeZone"":""America/Denver""}","{""ImportId"":""status""}","{""ImportId"":""ipAddress""}","{""ImportId"":""progress""}","{""ImportId"":""duration""}","{""ImportId"":""finished""}","{""ImportId"":""recordedDate"",""timeZone"":""America/Denver""}","{""ImportId"":""_recordId""}","{""ImportId"":""recipientLastName""}","{""ImportId"":""recipientFirstName""}","{""ImportId"":""recipientEmail""}","{""ImportId"":""externalDataReference""}","{""ImportId"":""locationLatitude""}","{""ImportId"":""locationLongitude""}","{""ImportId"":""distributionChannel""}","{""ImportId"":""userLanguage""}","{""ImportId"":""Q_RecaptchaScore""}","{""ImportId"":""Q_RelevantIDDuplicate""}","{""ImportId"":""Q_RelevantIDDuplicateScore""}","{""ImportId"":""Q_RelevantIDFraudScore""}","{""ImportId"":""Q_RelevantIDLastStartDate"",""timeZone"":""UTC""}","{""ImportId"":""QID62_TEXT""}","{""ImportId"":""QID1""}","{""ImportId"":""QID5_FIRST_CLICK""}","{""ImportId"":""QID5_LAST_CLICK""}","{""ImportId"":""QID5_PAGE_SUBMIT""}","{""ImportId"":""QID5_CLICK_COUNT""}","{""ImportId"":""QID8_FIRST_CLICK""}","{""ImportId"":""QID8_LAST_CLICK""}","{""ImportId"":""QID8_PAGE_SUBMIT""}","{""ImportId"":""QID8_CLICK_COUNT""}","{""ImportId"":""QID37_FIRST_CLICK""}","{""ImportId"":""QID37_LAST_CLICK""}","{""ImportId"":""QID37_PAGE_SUBMIT""}","{""ImportId"":""QID37_CLICK_COUNT""}","{""ImportId"":""QID41_FIRST_CLICK""}","{""ImportId"":""QID41_LAST_CLICK""}","{""ImportId"":""QID41_PAGE_SUBMIT""}","{""ImportId"":""QID41_CLICK_COUNT""}","{""ImportId"":""QID39_FIRST_CLICK""}","{""ImportId"":""QID39_LAST_CLICK""}","{""ImportId"":""QID39_PAGE_SUBMIT""}","{""ImportId"":""QID39_CLICK_COUNT""}","{""ImportId"":""QID43_FIRST_CLICK""}","{""ImportId"":""QID43_LAST_CLICK""}","{""ImportId"":""QID43_PAGE_SUBMIT""}","{""ImportId"":""QID43_CLICK_COUNT""}","{""ImportId"":""QID9""}","{""ImportId"":""QID10""}","{""ImportId"":""QID11""}","{""ImportId"":""QID13_1""}","{""ImportId"":""QID14_1""}","{""ImportId"":""QID15_1""}","{""ImportId"":""QID16_1""}","{""ImportId"":""QID17_1""}","{""ImportId"":""QID19_1""}","{""ImportId"":""QID20_1""}","{""ImportId"":""QID20_2""}","{""ImportId"":""QID20_3""}","{""ImportId"":""QID20_4""}","{""ImportId"":""QID20_5""}","{""ImportId"":""QID20_6""}","{""ImportId"":""QID20_7""}","{""ImportId"":""QID21_1""}","{""ImportId"":""QID22""}","{""ImportId"":""QID23_1""}","{""ImportId"":""QID24_1""}","{""ImportId"":""QID67""}","{""ImportId"":""QID1215661608_TEXT""}","{""ImportId"":""QID1215661609""}","{""ImportId"":""QID33_1""}","{""ImportId"":""QID34_1""}","{""ImportId"":""QID1215661610""}","{""ImportId"":""QID1215661611""}","{""ImportId"":""QID1215661612""}","{""ImportId"":""QID1215661613_TEXT""}","{""ImportId"":""PROLIFIC_PID""}","{""ImportId"":""Condition""}","{""ImportId"":""Group""}"
2024-01-23 10:42:50,2024-01-23 10:46:52,0,128.135.204.52,100,242,1,2024-01-23 10:46:53,R_6OBuISJTxdQmhTY,,,,,41.8018,-87.5993,anonymous,EN,,,,,,,1,4.874,67.386,67.401,15,9.195,47.994,47.998,3,,,,,,,,,,,,,,,,,3,2,2,3,4,4,3,3,70,4,4,5,5,4,6,5,1,1,4,50,,99,1,3,4,3,2,2,,,unhoused people,1
2024-01-23 10:40:24,2024-01-23 10:51:45,0,216.165.95.141,100,680,1,2024-01-23 10:51:46,R_1OCA2wqsf3H0FGl,,,,,40.7279,-73.9966,anonymous,EN,,,,,,,1,,,,,,,,,15.067,66.734,66.742,3,8.271,67.017,67.019,2,,,,,,,,,3,2,2,6,5,4,5,2,50,6,1,4,5,1,5,6,5,2,4,80,,22,5,4,4,4,6,4,,,homeless people,2
2024-01-23 10:40:33,2024-01-23 11:16:34,0,128.135.204.79,100,2161,1,2024-01-23 11:16:35,R_3ZEm4pcon01C0Ww,,,,,41.8018,-87.5993,anonymous,EN,,,,,,,1,2.42,891.183,891.192,19,2.861,893.511,893.519,40,,,,,,,,,,,,,,,,,4,2,2,4,4,2,3,3,100,5,5,4,4,5,4,4,4,2,2,45,,99,3,3,4,3,2,3,,,unhoused people,1
2024-01-24 09:39:50,2024-01-24 09:47:05,0,128.135.204.52,100,435,1,2024-01-24 09:47:06,R_z87fn4mY9bFkeit,,,,,41.8018,-87.5993,anonymous,EN,0.8999999761581421,,0,0,,11,1,,,,,,,,,219.38,219.786,219.814,2,35.867,47.848,47.865,5,,,,,,,,,3,2,2,4,3,4,4,4,60,5,5,5,6,4,5,5,3,2,4,66,,17,1,4,5,1,6,4,,,homeless people,2
2024-01-24 23:24:13,2024-01-24 23:28:52,0,128.135.204.52,100,279,1,2024-01-24 23:28:53,R_u8MtHuj1Sw8sSJz,,,,,41.8018,-87.5993,anonymous,EN,0.8999999761581421,,0,5,,aa,1,76.062,76.062,76.073,1,46.231,46.231,46.235,1,,,,,,,,,,,,,,,,,2,2,2,3,4,4,5,4,66,5,5,6,6,6,5,6,3,1,4,66,,18,5,4,5,2,6,3,,,unhoused people,1
2024-01-25 10:45:27,2024-01-25 10:52:06,1,,100,398,1,2024-01-25 10:52:08,R_1BX853j8qiHI78E,,,,,41.8018,-87.5993,preview,EN,0.8999999761581421,true,100,0,2024-01-25 17:18:49,aa,1,,,,,,,,,,,,,,,,,0,0,55.971,0,0,0,95.544,0,2,3,2,4,5,5,6,4,67,6,5,6,6,4,6,4,4,2,5,65,1,18,2,4,6,4,3,1,,,people who experience homelessness,3
2024-01-25 11:12:35,2024-01-25 11:17:31,0,128.135.204.52,100,296,1,2024-01-25 11:17:32,R_1hmaImRnzlXjzJK,,,,,41.8018,-87.5993,anonymous,EN,0.8999999761581421,true,98,5,2024-01-25 18:02:00,11,1,,,,,,,,,,,,,,,,,7.14,42.12,54.626,2,0,0,48.513,0,2,3,2,4,5,5,5,6,72,6,6,6,7,6,5,6,4,2,4,74,1,88,5,5,5,4,2,3,,,people who experience homelessness,3
2024-01-25 16:25:30,2024-01-25 16:32:02,0,73.208.44.125,100,392,1,2024-01-25 16:32:03,R_7z7jS65rAWvAiNy,,,,,41.8018,-87.5993,anonymous,EN,0.8999999761581421,true,90,5,2024-01-25 23:10:05,,1,,,,,,,,,0,0,62.084,0,0,0,47.023,0,,,,,,,,,3,2,2,5,6,4,4,2,100,1,2,1,2,2,3,6,4,2,5,100,1,23,1,1,1,4,6,2,,,homeless people,2
2024-01-27 07:36:30,2024-01-27 07:47:26,0,67.184.176.209,100,656,1,2024-01-27 07:47:26,R_50rbDS6scXQYoZO,,,,,41.9409,-87.6532,anonymous,EN,0.8999999761581421,,0,0,,,1,21.369,21.369,61.641,1,0,0,46.921,0,,,,,,,,,,,,,,,,,1,3,1,2,2,3,2,2,31,2,3,3,3,2,2,3,1,1,2,56,1,2,1,4,4,3,2,2,2,,unhoused people,1
2024-01-28 03:30:28,2024-01-28 03:36:40,1,,100,372,1,2024-01-28 03:36:42,R_1uwBQkaRFdhxeyE,,,,,50.7321,-3.53,preview,EN,1,true,100,0,2024-01-28 10:27:16,,1,,,,,,,,,1.65,47.211,47.598,15,1.032,13.978,173.116,6,,,,,,,,,3,2,2,3,2,3,4,4,86,3,3,3,5,4,4,3,4,2,2,67,1,89,1,3,3,1,5,1,,,homeless people,2
2024-01-28 10:49:51,2024-01-28 11:11:34,0,128.135.204.52,100,1302,1,2024-01-28 11:11:34,R_7XPLUtszDQp2Pip,,,,,41.8018,-87.5993,anonymous,EN,1,true,98,5,2024-01-27 20:56:57,65b692bbf2ae68f2d753bb3d,1,,,,,,,,,1.045,3.145,939.263,7,0,0,274.226,0,,,,,,,,,2,2,2,2,4,4,4,5,54,5,7,6,5,6,5,6,4,2,3,82,1,18,2,4,5,3,2,2,,65b692bbf2ae68f2d753bb3d,homeless people,2
2024-01-29 04:51:58,2024-01-29 05:02:29,0,174.206.39.123,100,631,1,2024-01-29 05:02:30,R_7OxknY0kJmrLA6F,,,,,37.3441,-79.8974,anonymous,EN,,,0,20,,65b5d16bc439f7549d7c5148,1,0,0,46.303,0,0,0,46.806,0,,,,,,,,,,,,,,,,,2,2,2,5,5,4,5,4,40,3,2,4,5,2,5,3,5,2,5,67,1,51,2,4,5,5,1,2,,65b5d16bc439f7549d7c5148,unhoused people,1
2024-01-29 05:02:42,2024-01-29 05:09:21,0,73.226.154.145,100,398,1,2024-01-29 05:09:22,R_3MM8m5h78VgDYTo,,,,,39.7505,-75.3323,anonymous,EN,1,,0,0,,5dea7a7df87f5519e686ff7b,1,,,,,,,,,,,,,,,,,0,0,46.665,0,34.688,173.715,174.388,21,3,2,2,4,6,2,6,1,0,3,1,2,4,2,3,6,2,2,5,91,1,37,1,2,2,2,2,1,n/a,5dea7a7df87f5519e686ff7b,people who experience homelessness,3
2024-01-29 05:04:28,2024-01-29 05:10:07,0,47.12.198.173,100,339,1,2024-01-29 05:10:08,R_5wsHfTzHSDmzLvC,,,,,44.6615,-90.179,anonymous,EN,0.800000011920929,,0,0,,592dc86c61bcd8000107c131,1,,,,,,,,,0,0,67.556,0,85.435,85.435,86.452,1,,,,,,,,,3,2,2,4,6,1,6,1,0,2,1,6,6,6,1,1,0,1,0,0,2,37,1,7,7,2,1,2,,592dc86c61bcd8000107c131,homeless people,2
2024-01-29 05:07:18,2024-01-29 05:15:09,0,76.188.166.43,100,471,1,2024-01-29 05:15:10,R_1dACE9bwceQBQFO,,,,,41.4481,-82.0177,anonymous,EN,0.800000011920929,,0,0,,65293c257003399b27cc1eb5,1,,,,,,,,,,,,,,,,,0,0,114.073,0,0,0,131.381,0,3,2,2,6,6,6,6,0,50,3,1,4,5,4,5,5,4,2,4,100,1,53,1,5,5,3,1,3,,65293c257003399b27cc1eb5,people who experience homelessness,3
2024-01-29 05:06:44,2024-01-29 05:15:47,0,172.59.33.111,100,542,1,2024-01-29 05:15:47,R_1wGIZMHjtYK0YDF,,,,,40.0181,-83.0117,anonymous,EN,0.8999999761581421,,0,50,,651ffc72b8a968d736a8d328,1,115.908,115.908,116.78,1,0,0,138.015,0,,,,,,,,,,,,,,,,,3,2,2,5,6,5,6,5,50,1,1,1,1,2,2,2,5,2,5,92,1,58,1,2,3,5,2,3,,651ffc72b8a968d736a8d328,unhoused people,1
2024-01-29 05:12:30,2024-01-29 05:16:57,0,69.218.140.53,100,267,1,2024-01-29 05:16:58,R_1R3W8vsvVAH1Gzk,,,,,33.1909,-96.6198,anonymous,EN,0.8999999761581421,,0,0,,60e4a112c2852f1d35499ecc,1,,,,,,,,,0,0,51.07,0,0,0,56.552,0,,,,,,,,,3,2,2,6,5,5,6,2,24,1,1,3,3,3,4,6,3,2,4,100,2,21,1,5,5,2,1,2,,60e4a112c2852f1d35499ecc,homeless people,2
2024-01-29 05:12:16,2024-01-29 05:21:15,0,99.182.220.171,100,539,1,2024-01-29 05:21:16,R_3rSMi88zAt2om0I,,,,,29.7452,-95.7327,anonymous,EN,1,,0,0,,6563f79828c4121b6401e2e0,1,0,0,61.622,0,137.278,137.278,191.574,1,,,,,,,,,,,,,,,,,3,2,2,6,6,6,6,5,50,1,1,5,5,4,5,2,1,2,5,80,1,41,2,2,2,3,1,3,,6563f79828c4121b6401e2e0,unhoused people,1
2024-01-29 05:17:47,2024-01-29 05:22:21,0,108.45.29.6,100,273,1,2024-01-29 05:22:21,R_3o4umUzUejLRp73,,,,,39.109,-77.2489,anonymous,EN,1,,0,0,,61451e21a303bee08cbb86ea,1,,,,,,,,,0,0,58.416,0,0,0,99.78,0,,,,,,,,,3,2,2,6,6,6,6,0,0,1,1,1,1,1,4,4,0,2,4,100,2,22,1,4,4,2,4,1,,61451e21a303bee08cbb86ea,homeless people,2
2024-01-29 05:19:33,2024-01-29 05:25:26,0,174.202.195.21,100,352,1,2024-01-29 05:25:27,R_1gUB5mmOgKbcgdo,,,,,35.056,-89.8598,anonymous,EN,1,,0,0,,63d47c3126b3ea502285cf70,1,27.089,71.288,71.967,5,17.646,109.295,109.923,10,,,,,,,,,,,,,,,,,3,2,2,4,5,5,5,1,45,2,2,2,2,2,5,6,4,2,5,100,2,33,1,4,4,5,1,5,,63d47c3126b3ea502285cf70,unhoused people,1
2024-01-29 04:59:52,2024-01-29 05:30:14,0,35.149.89.124,100,1822,1,2024-01-29 05:30:15,R_1GpN5lSxITipo8V,,,,,42.8175,-85.5181,anonymous,EN,1,,0,0,,5cdf2adac194e800187ad97a,1,,,,,,,,,,,,,,,,,0,0,497.771,0,11.352,629.516,640.972,13,3,2,2,6,6,3,6,6,19,3,1,2,2,2,4,2,3,2,6,50,2,64,1,6,6,2,5,2,,5cdf2adac194e800187ad97a,people who experience homelessness,3
2024-01-29 05:26:54,2024-01-29 05:31:35,0,130.45.104.221,100,280,1,2024-01-29 05:31:36,R_72RWUFc8tdkiAob,,,,,31.5095,-97.2303,anonymous,EN,0.800000011920929,,0,0,,60c969c12749ced10866921d,1,0,0,53.669,0,0,0,67.171,0,,,,,,,,,,,,,,,,,3,2,2,6,6,6,6,0,50,1,1,1,2,2,2,7,3,2,3,90,1,61,1,5,6,4,1,4,,60c969c12749ced10866921d,unhoused people,1
2024-01-29 05:16:07,2024-01-29 05:31:54,0,70.107.179.245,100,946,1,2024-01-29 05:31:54,R_6XL63gDzzbIHmN3,,,,,40.9476,-73.8624,anonymous,EN,0.8999999761581421,,0,0,,65428dce96eb3e35d0744fde,1,,,,,,,,,,,,,,,,,160.066,160.066,161.258,1,39.91,40.609,46.539,2,3,2,2,6,6,5,6,1,30,7,1,6,5,1,7,6,1,1,2,17,2,58,2,6,5,4,1,4,,65428dce96eb3e35d0744fde,people who experience homelessness,3
2024-01-29 05:25:06,2024-01-29 05:31:54,0,73.193.195.87,100,408,1,2024-01-29 05:31:55,R_1P6joaBucFPOXNT,,,,,39.9484,-74.9875,anonymous,EN,1,,0,0,,5a97668bdbdb470001eec921,1,,,,,,,,,,,,,,,,,0,0,68.212,0,0,0,78.253,0,3,2,2,5,6,5,6,0,51,2,1,3,5,4,4,4,4,2,4,80,1,50,1,3,3,3,1,3,,5a97668bdbdb470001eec921,people who experience homelessness,3
2024-01-29 05:25:02,2024-01-29 05:32:23,0,99.164.64.93,100,441,1,2024-01-29 05:32:23,R_11gPxqKebbj1UpZ,,,,,32.7507,-97.2095,anonymous,EN,1,,0,0,,64b09076e81e8c03556dafee,1,0,0,74.717,0,0,0,129.596,0,,,,,,,,,,,,,,,,,3,2,2,6,6,6,6,1,81,4,1,6,5,6,6,7,5,2,5,100,1,55,1,5,6,5,1,4,,64b09076e81e8c03556dafee,unhoused people,1
2024-01-29 05:29:22,2024-01-29 05:34:12,0,24.180.141.67,100,289,1,2024-01-29 05:34:12,R_6OoQXRoILAbRWtX,,,,,43.1772,-85.2473,anonymous,EN,1,,0,0,,6107b55d4376fdce2ada37f8,1,1.477,45.033,46.195,11,16.763,27.974,46.57,3,,,,,,,,,,,,,,,,,3,2,2,6,6,2,6,5,50,3,1,1,1,1,5,4,2,2,5,100,1,25,1,3,3,4,4,1,,6107b55d4376fdce2ada37f8,unhoused people,1
2024-01-29 05:29:36,2024-01-29 05:34:19,0,98.97.13.174,100,283,1,2024-01-29 05:34:20,R_6NX0vwGYY76yqCz,,,,,41.8874,-87.6318,anonymous,EN,1,,0,0,,5dd3e69efd5b283c6548d6f2,1,,,,,,,,,0,0,48.815,0,0,0,90.049,0,,,,,,,,,3,2,2,1,5,2,6,1,0,1,2,2,1,3,3,5,3,2,4,60,2,45,1,2,2,3,5,2,,5dd3e69efd5b283c6548d6f2,homeless people,2
2024-01-29 05:29:35,2024-01-29 05:34:22,0,75.141.237.197,100,286,1,2024-01-29 05:34:22,R_6sBalUpn6AiEmoz,,,,,39.1736,-119.7813,anonymous,EN,0.8999999761581421,,0,0,,6501bd8d2a46a663ccf582c3,1,,,,,,,,,,,,,,,,,0,0,46.89,0,0,0,73.178,0,3,2,2,4,5,4,5,0,100,5,1,1,2,1,7,7,5,2,5,100,1,54,1,1,1,3,1,2,,6501bd8d2a46a663ccf582c3,people who experience homelessness,3
2024-01-29 05:27:51,2024-01-29 05:36:18,0,216.211.156.68,100,506,1,2024-01-29 05:36:18,R_5V9GkhrkRdp7hb7,,,,,37.9227,-83.261,anonymous,EN,1,,0,0,,5afbb7bef856320001cfb045,1,,,,,,,,,,,,,,,,,187.116,187.116,187.701,1,0,0,98.142,0,3,2,2,4,4,2,2,4,31,1,1,1,1,1,4,7,3,2,3,90,1,41,1,2,2,4,1,2,,5afbb7bef856320001cfb045,people who experience homelessness,3
2024-01-29 05:32:17,2024-01-29 05:37:38,0,71.60.128.10,100,321,1,2024-01-29 05:37:39,R_51WRCLUrqXH1EcJ,,,,,40.809,-79.5189,anonymous,EN,1,,,,,614996ea0d6f318ed4ff81e9,1,2.415,3.631,46.278,2,1.216,50.999,51.634,2,,,,,,,,,,,,,,,,,3,2,2,5,5,3,5,3,0,1,1,2,1,1,7,7,5,2,3,96,2,32,1,4,4,3,4,2,,614996ea0d6f318ed4ff81e9,unhoused people,1
2024-01-29 05:30:50,2024-01-29 05:38:08,0,174.62.162.8,100,437,1,2024-01-29 05:38:09,R_1wcR5NK0sDV2xGO,,,,,41.8879,-88.1995,anonymous,EN,0.800000011920929,,0,0,,558d8d71fdf99b534f79b352,1,,,,,,,,,,,,,,,,,3.523,12.914,77.651,4,3.534,5.215,98.145,3,3,2,2,4,5,3,3,0,50,1,1,4,2,2,4,3,2,2,3,70,2,36,1,4,5,3,4,2,,558d8d71fdf99b534f79b352,people who experience homelessness,3
2024-01-29 05:26:20,2024-01-29 05:38:20,0,173.18.218.185,100,719,1,2024-01-29 05:38:21,R_7kNXaRUNzc9wMd1,,,,,32.4278,-84.954,anonymous,EN,1,,0,0,,643edc41faeb4233074d9fce,1,,,,,,,,,27.635,54.718,110.926,2,29.387,117.756,184.502,2,,,,,,,,,3,2,2,6,5,6,5,1,100,5,1,2,3,1,7,7,6,2,5,100,1,55,2,2,1,2,4,2,,643edc41faeb4233074d9fce,homeless people,2
2024-01-29 05:33:24,2024-01-29 05:38:51,0,96.32.17.108,100,326,1,2024-01-29 05:38:52,R_7ZIlSAoEnrbuLZW,,,,,41.8467,-73.0178,anonymous,EN,1,,0,0,,5e9b77b68e7d5808097fafe5,1,,,,,,,,,0,0,47.401,0,0,0,58.151,0,,,,,,,,,1,1,2,4,3,2,5,4,50,5,2,3,3,3,3,6,2,2,4,56,2,25,1,4,4,4,1,4,,5e9b77b68e7d5808097fafe5,homeless people,2
2024-01-29 05:31:35,2024-01-29 05:39:19,0,24.32.92.160,100,463,1,2024-01-29 05:39:19,R_5P0zvxljoXPYvow,,,,,30.4421,-97.6339,anonymous,EN,1,,0,0,,5ea89a8b6b6ee52ee578a90a,1,,,,,,,,,0,0,91.987,0,6.521,6.521,117.663,1,,,,,,,,,3,2,2,4,4,4,5,1,30,2,2,3,3,2,5,4,4,2,4,50,2,48,1,3,3,4,1,3,n/a,5ea89a8b6b6ee52ee578a90a,homeless people,2
2024-01-29 05:33:31,2024-01-29 05:41:31,0,99.179.149.249,100,480,1,2024-01-29 05:41:31,R_7lndlJBc3pseSjv,,,,,42.0003,-88.1422,anonymous,EN,1,,0,0,,5ffa4ec324c6e04131793275,1,,,,,,,,,,,,,,,,,87.083,87.083,94.271,1,0,0,126.941,0,3,2,2,3,6,3,6,1,8,5,3,4,4,5,3,4,2,1,3,50,2,31,3,4,5,3,1,3,,5ffa4ec324c6e04131793275,people who experience homelessness,3
2024-01-29 05:34:01,2024-01-29 05:41:48,0,152.86.88.180,100,467,1,2024-01-29 05:41:49,R_7BXWdTh8TVGtz54,,,,,36.3125,-82.377,anonymous,EN,1,,0,0,,5727d93522e522000e7a0a3c,1,,,,,,,,,,,,,,,,,0,0,90.632,0,0,0,140.745,0,3,2,2,5,5,3,6,1,29,4,1,2,3,2,3,7,2,2,3,81,2,52,1,3,3,4,2,3,,5727d93522e522000e7a0a3c,people who experience homelessness,3
2024-01-29 05:28:53,2024-01-29 05:42:33,0,149.75.129.12,100,820,1,2024-01-29 05:42:34,R_1ina7cVKdwd1jnM,,,,,41.6904,-87.6157,anonymous,EN,1,,0,0,,60c12fe6ca8c4aa6d0185190,1,,,,,,,,,3.727,15.564,527.489,5,3.861,13.755,55.328,3,,,,,,,,,3,2,2,5,6,4,5,1,16,2,2,1,2,2,5,6,4,2,2,51,2,39,2,2,1,4,1,4,,60c12fe6ca8c4aa6d0185190,homeless people,2
2024-01-29 05:35:54,2024-01-29 05:42:50,0,75.44.69.27,100,416,1,2024-01-29 05:42:51,R_6aQeW94XA1GV8VG,,,,,32.4258,-94.7078,anonymous,EN,1,,0,0,,5bca67940f10750001d75f9f,1,,,,,,,,,3.322,76.969,108.601,3,6.815,139.786,141.727,7,,,,,,,,,3,2,2,4,6,5,6,0,29,2,1,2,3,2,6,5,5,2,5,100,1,35,2,3,3,4,2,2,,5bca67940f10750001d75f9f,homeless people,2
2024-01-29 05:42:37,2024-01-29 05:47:01,0,67.240.82.13,100,264,1,2024-01-29 05:47:02,R_5ayLOkzXSDrRti5,,,,,42.8115,-73.8649,anonymous,EN,1,,0,0,,5f744fb50bfbbd0a01cd5435,1,0,0,46.928,0,0,0,50.916,0,,,,,,,,,,,,,,,,,3,2,2,6,6,6,6,0,0,1,1,2,2,2,4,7,4,2,6,100,2,48,1,1,1,2,5,2,,5f744fb50bfbbd0a01cd5435,unhoused people,1
2024-01-29 05:46:23,2024-01-29 05:55:36,0,184.57.235.216,100,552,1,2024-01-29 05:55:36,R_533nhGQQ1Agcb0D,,,,,39.632,-84.2634,anonymous,EN,1,,0,0,,65465b95f53f11ae40ae0a6a,1,,,,,,,,,0,0,90.178,0,0,0,150.092,0,,,,,,,,,3,2,2,6,6,6,6,0,10,1,1,2,1,1,3,7,4,2,6,100,2,67,1,6,6,2,1,2,,65465b95f53f11ae40ae0a6a,homeless people,2
2024-01-29 05:45:07,2024-01-29 05:56:19,0,207.5.28.45,100,672,1,2024-01-29 05:56:20,R_1iCTq21jQET2qGd,,,,,32.3698,-80.5373,anonymous,EN,1,,0,0,,63cd760c18f08aa16c2c8a8a,1,,,,,,,,,,,,,,,,,131.062,136.107,138.872,4,11.806,17.731,75.864,4,3,2,2,6,6,6,6,0,51,3,1,1,4,4,7,7,6,2,5,100,1,49,1,1,1,4,1,4,,63cd760c18f08aa16c2c8a8a,people who experience homelessness,3
2024-01-29 05:52:38,2024-01-29 05:57:25,0,96.32.17.108,100,286,1,2024-01-29 05:57:25,R_3Hk24abEPzQmebH,,,,,41.8467,-73.0178,anonymous,EN,0.8999999761581421,true,100,0,2024-01-29 12:33:38,5e9b77b68e7d5808097fafe5,1,75.66,75.66,76.294,1,0,0,47.043,0,,,,,,,,,,,,,,,,,3,2,2,5,5,3,6,1,50,4,1,4,3,1,6,6,3,2,5,79,2,25,1,4,4,4,1,4,,5e9b77b68e7d5808097fafe5,unhoused people,1
2024-01-29 05:48:52,2024-01-29 06:16:47,0,98.230.0.250,100,1674,1,2024-01-29 06:16:48,R_7fe8nl8t0IFslXP,,,,,30.4908,-84.3158,anonymous,EN,1,,0,0,,5bfff7c02213be0001c2c7cf,1,,,,,,,,,609.684,609.684,611.193,1,0,0,227.153,0,,,,,,,,,3,2,2,4,5,5,4,5,27,3,1,5,5,2,5,6,4,2,4,95,1,34,3,1,2,2,2,2,,5bfff7c02213be0001c2c7cf,homeless people,2
